{"RSI": {"mean": 50.613575766568324, "std": 10.104178421749035, "min": 22.722497390425374, "max": 84.0716685493548}, "MACD": {"mean": 2.576385701315984, "std": 18.80821831417019, "min": -34.999836974776144, "max": 77.78245202469361}, "MACD_Signal": {"mean": 2.3509730319722197, "std": 17.457373237703674, "min": -31.43925735552167, "max": 73.46467432495828}, "MACD_Hist": {"mean": 0.22541266934376528, "std": 5.374366435900983, "min": -12.617734686330936, "max": 18.740160115224285}, "BB_Upper": {"mean": 1032.4749120474019, "std": 95.99848864159588, "min": 893.1670530098961, "max": 1488.7463991370855}, "BB_Mid": {"mean": 973.3152745678339, "std": 80.7422384519861, "min": 862.0600006103516, "max": 1409.9499938964843}, "BB_Lower": {"mean": 914.1556370882656, "std": 71.0721871679934, "min": 782.7445719202904, "max": 1337.0205573051735}, "BB_Width": {"mean": 0.12043679301576865, "std": 0.043269331206754524, "min": 0.043698976716040984, "max": 0.3352601703577456}, "BB_PctB": {"mean": 0.5256802145452311, "std": 0.30987167192566667, "min": -0.2106841321415319, "max": 1.3356754205549741}, "ATR": {"mean": 16.174349142077464, "std": 5.833546642655716, "min": 8.871433803013392, "max": 50.91428920200893}, "ATR_Pct": {"mean": 0.016349383478807725, "std": 0.0041855655355879755, "min": 0.009050636291095687, "max": 0.03710954023470039}, "SMA_20": {"mean": 973.3152745678339, "std": 80.7422384519861, "min": 862.0600006103516, "max": 1409.9499938964843}, "Price_vs_SMA20": {"mean": 0.0038326462032711134, "std": 0.04098796121029941, "min": -0.10039441662703852, "max": 0.15693738218582554}, "SMA_50": {"mean": 968.357542561084, "std": 56.443509016376346, "min": 877.1180004882813, "max": 1270.6539929199218}, "Price_vs_SMA50": {"mean": 0.008746224228599338, "std": 0.06593810633261611, "min": -0.1352807140546105, "max": 0.29432786687977974}, "SMA_200": {"mean": 966.9051526366613, "std": 26.33589770472876, "min": 917.5709982299804, "max": 1044.812495727539}, "Price_vs_SMA200": {"mean": 0.011043613165729431, "std": 0.09529918252420785, "min": -0.16447132546647747, "max": 0.4299150552660498}, "EMA_20": {"mean": 973.5854902537358, "std": 79.37781464594075, "min": 861.5111841178142, "max": 1396.9982437904855}, "Price_vs_EMA20": {"mean": 0.003232175179325358, "std": 0.03519422878343252, "min": -0.07749551228072726, "max": 0.1393990891450252}, "EMA_50": {"mean": 969.87700374408, "std": 58.73929857818759, "min": 884.5420127657804, "max": 1292.05286733281}, "Price_vs_EMA50": {"mean": 0.0066162459700721855, "std": 0.05444927169455259, "min": -0.10791721107066155, "max": 0.24385997526199854}, "SMA20_50_Diff": {"mean": 4.957732006749873, "std": 39.569493512443245, "min": -68.83300476074214, "max": 168.99900268554688}, "SMA50_200_Diff": {"mean": 1.452389924422548, "std": 49.60626992934125, "min": -80.11049987792967, "max": 225.8414971923828}, "EMA20_50_Diff": {"mean": 3.7084865096558097, "std": 27.148204446201735, "min": -40.71684950359827, "max": 116.93522470973289}, "Daily_Return": {"mean": 0.0005083502879183358, "std": 0.01833936011729293, "min": -0.059053918923466675, "max": 0.05732175108448678}, "Log_Return": {"mean": 0.000340520200410237, "std": 0.01832292410767657, "min": -0.06086944063830052, "max": 0.05573906083688386}, "Volatility_10": {"mean": 0.01793237692065051, "std": 0.004756377184828882, "min": 0.007909952602692259, "max": 0.03596210025422317}, "Volatility_20": {"mean": 0.018157289000347063, "std": 0.0034489018656083496, "min": 0.011022389147451668, "max": 0.031921738510817005}, "Mom_5": {"mean": 0.0025272495397085973, "std": 0.04078760995913584, "min": -0.1307592296807213, "max": 0.15559844953765323}, "Mom_10": {"mean": 0.0052092568318672676, "std": 0.0536173128216744, "min": -0.1108025606697397, "max": 0.204647799045369}, "Mom_20": {"mean": 0.009936537934307474, "std": 0.07313148281655615, "min": -0.17753206477163208, "max": 0.32642577731085254}, "HL_Range": {"mean": 0.004505323844355475, "std": 0.009440423368691515, "min": 0.0, "max": 0.07845473134199141}, "OC_Range": {"mean": -0.00028902600344122285, "std": 0.0081535365493329, "min": -0.05855820436756139, "max": 0.0421627668841328}, "Volume_Ratio": {"mean": 0.9820661785730552, "std": 3.0125985863535467, "min": 0.0, "max": 20.0}, "Return_Lag1": {"mean": 0.00047846381927565756, "std": 0.018347772763579948, "min": -0.059053918923466675, "max": 0.05732175108448678}, "Close_Lag1_Pct": {"mean": 0.00047846381927565756, "std": 0.018347772763579948, "min": -0.059053918923466675, "max": 0.05732175108448678}, "Return_Lag2": {"mean": 0.0005416974009304893, "std": 0.018424405312437088, "min": -0.059053918923466675, "max": 0.05732175108448678}, "Close_Lag2_Pct": {"mean": 0.0010146320977399194, "std": 0.025791776697090808, "min": -0.07905870304731388, "max": 0.08471265770923142}, "Return_Lag3": {"mean": 0.00048272276108550586, "std": 0.018423670224591977, "min": -0.059053918923466675, "max": 0.05732175108448678}, "Close_Lag3_Pct": {"mean": 0.001494307575260897, "std": 0.03160048811708201, "min": -0.08621211396082007, "max": 0.11472401030203061}, "Return_Lag5": {"mean": 0.0006523496378886293, "std": 0.01841560068874112, "min": -0.059053918923466675, "max": 0.05732175108448678}, "Close_Lag5_Pct": {"mean": 0.002668754636995523, "std": 0.04075481244655804, "min": -0.1307592296807213, "max": 0.15559844953765323}, "Return_Lag10": {"mean": 0.00047832779876794904, "std": 0.018429388250613823, "min": -0.059053918923466675, "max": 0.05732175108448678}, "Close_Lag10_Pct": {"mean": 0.005180457990234712, "std": 0.053670501512066655, "min": -0.1108025606697397, "max": 0.204647799045369}, "Return_Lag20": {"mean": 0.0004547050820536833, "std": 0.018246178036416233, "min": -0.059053918923466675, "max": 0.05732175108448678}, "Close_Lag20_Pct": {"mean": 0.009885255586368767, "std": 0.07314570515547104, "min": -0.17753206477163208, "max": 0.32642577731085254}, "DX_Y_NYB_Ret": {"mean": 1.790234921449038e-05, "std": 0.004885690194373506, "min": -0.02116692811116072, "max": 0.016524508239780467}, "DX_Y_NYB_Ret_Lag1": {"mean": 1.2796396943400523e-05, "std": 0.004883917681259753, "min": -0.02116692811116072, "max": 0.016524508239780467}, "TNX_Ret": {"mean": 0.00101041082850545, "std": 0.01970835253536135, "min": -0.0775716754823913, "max": 0.09256004146555763}, "TNX_Ret_Lag1": {"mean": 0.0010548995922221853, "std": 0.019746434846952234, "min": -0.0775716754823913, "max": 0.09256004146555763}, "VIX_Ret": {"mean": 0.0018354459125883493, "std": 0.07805676789149459, "min": -0.35753873962348437, "max": 0.7403907396600702}, "VIX_Ret_Lag1": {"mean": 0.0017546760664867201, "std": 0.07799075660287476, "min": -0.35753873962348437, "max": 0.7403907396600702}, "CL_F_Ret": {"mean": -0.00011728356864478313, "std": 0.023812842370667716, "min": -0.12126111859385258, "max": 0.08354379592718453}, "CL_F_Ret_Lag1": {"mean": -0.00019695707997645302, "std": 0.023806297219199697, "min": -0.12126111859385258, "max": 0.08354379592718453}, "SPY_Ret": {"mean": 0.0005931180355501905, "std": 0.011727996294712974, "min": -0.05854295896778716, "max": 0.1050192812545172}, "SPY_Ret_Lag1": {"mean": 0.0006191397129793318, "std": 0.0117249479660124, "min": -0.05854295896778716, "max": 0.1050192812545172}, "SMA50_Slope": {"mean": 0.467279623050167, "std": 3.7735118151559455, "min": -5.5334735974355675, "max": 16.11559934740352}, "SMA200_Slope": {"mean": -0.051515301943414506, "std": 1.1205779170151513, "min": -2.080267805783109, "max": 4.238790489635469}, "SMA50_vs_SMA200_Ratio": {"mean": 0.0015029699638116983, "std": 0.05058923102699891, "min": -0.08369004876816921, "max": 0.21615504994044077}, "DXY_vs_SMA20": {"mean": 0.00016229624659859442, "std": 0.011837619027321793, "min": -0.04195771591420394, "max": 0.036876820300576485}, "DXY_Slope10": {"mean": 0.022002231878818626, "std": 1.4843580034340835, "min": -5.525544892328793, "max": 5.32631454402166}, "DXY_Slope20": {"mean": 0.05438502657154167, "std": 2.1692542409025926, "min": -7.420523537388057, "max": 5.961756597272916},